cvg.musical_game_song_relationship0_cvg.musical_game_song_relationship1	0
cvg.musical_game_song_relationship0_cvg.musical_game_song_relationship2	1
cvg.musical_game_song_relationship1_cvg.musical_game_song_relationship2	2
base.popstra.restaurant_choice0_base.popstra.restaurant_choice1	3
tennis.tennis_tournament_championship0_tennis.tennis_tournament_championship1	4
music.recording_contribution0_music.recording_contribution1	5
music.recording_contribution0_music.recording_contribution2	6
music.recording_contribution1_music.recording_contribution2	7
cvg.game_performance0_cvg.game_performance1	8
cvg.game_performance0_cvg.game_performance2	9
cvg.game_performance1_cvg.game_performance2	10
music.conducting_tenure0_music.conducting_tenure1	11
base.nascar.nascar_race_result0_base.nascar.nascar_race_result1	12
base.conservationaction.documented_priority_species0_base.conservationaction.documented_priority_species1	13
base.conservationaction.documented_priority_species0_base.conservationaction.documented_priority_species2	14
base.conservationaction.documented_priority_species0_base.conservationaction.documented_priority_species3	15
base.conservationaction.documented_priority_species1_base.conservationaction.documented_priority_species2	16
base.conservationaction.documented_priority_species1_base.conservationaction.documented_priority_species3	17
base.conservationaction.documented_priority_species2_base.conservationaction.documented_priority_species3	18
american_football.player_rushing_statistics0_american_football.player_rushing_statistics1	19
soccer.football_player_match_participation0_soccer.football_player_match_participation1	20
soccer.football_player_match_participation0_soccer.football_player_match_participation2	21
soccer.football_player_match_participation1_soccer.football_player_match_participation2	22
american_football.player_game_statistics0_american_football.player_game_statistics1	23
basketball.basketball_player_stats0_basketball.basketball_player_stats1	24
basketball.basketball_player_stats0_basketball.basketball_player_stats2	25
basketball.basketball_player_stats1_basketball.basketball_player_stats2	26
base.webvideo.internet_video_producer_credit0_base.webvideo.internet_video_producer_credit1	27
baseball.baseball_team_stats0_baseball.baseball_team_stats1	28
american_football.game_passing_statistics0_american_football.game_passing_statistics1	29
base.thoroughbredracing.horse_trainer_relationship0_base.thoroughbredracing.horse_trainer_relationship1	30
travel.travel_destination_monthly_climate0_travel.travel_destination_monthly_climate1	31
tv.tv_network_duration0_tv.tv_network_duration1	32
computer.software_compatibility0_computer.software_compatibility1	33
user.szaijan.fantasy_football.projection0_user.szaijan.fantasy_football.projection1	34
user.szaijan.fantasy_football.projection0_user.szaijan.fantasy_football.projection2	35
user.szaijan.fantasy_football.projection1_user.szaijan.fantasy_football.projection2	36
sports.sports_team_season_record0_sports.sports_team_season_record1	37
base.popstra.party_attendance_person0_base.popstra.party_attendance_person1	38
award.award_nomination0_award.award_nomination1	39
award.award_nomination0_award.award_nomination2	40
award.award_nomination0_award.award_nomination3	41
award.award_nomination1_award.award_nomination2	42
award.award_nomination1_award.award_nomination3	43
award.award_nomination2_award.award_nomination3	44
architecture.ownership0_architecture.ownership1	45
broadcast.tv_affiliation_duration0_broadcast.tv_affiliation_duration1	46
award.hall_of_fame_induction0_award.hall_of_fame_induction1	47
award.hall_of_fame_induction0_award.hall_of_fame_induction2	48
award.hall_of_fame_induction1_award.hall_of_fame_induction2	49
base.productplacement.product_placement0_base.productplacement.product_placement1	50
music.group_membership0_music.group_membership1	51
music.group_membership0_music.group_membership2	52
music.group_membership1_music.group_membership2	53
base.patronage.patron_client_relationship0_base.patronage.patron_client_relationship1	54
base.popstra.vacation_choice0_base.popstra.vacation_choice1	55
organization.organization_membership0_organization.organization_membership1	56
base.militaryinfiction.military_command_in_fiction0_base.militaryinfiction.military_command_in_fiction1	57
base.militaryinfiction.military_command_in_fiction0_base.militaryinfiction.military_command_in_fiction2	58
base.militaryinfiction.military_command_in_fiction0_base.militaryinfiction.military_command_in_fiction3	59
base.militaryinfiction.military_command_in_fiction0_base.militaryinfiction.military_command_in_fiction4	60
base.militaryinfiction.military_command_in_fiction1_base.militaryinfiction.military_command_in_fiction2	61
base.militaryinfiction.military_command_in_fiction1_base.militaryinfiction.military_command_in_fiction3	62
base.militaryinfiction.military_command_in_fiction1_base.militaryinfiction.military_command_in_fiction4	63
base.militaryinfiction.military_command_in_fiction2_base.militaryinfiction.military_command_in_fiction3	64
base.militaryinfiction.military_command_in_fiction2_base.militaryinfiction.military_command_in_fiction4	65
base.militaryinfiction.military_command_in_fiction3_base.militaryinfiction.military_command_in_fiction4	66
base.marchmadness.ncaa_tournament_seed0_base.marchmadness.ncaa_tournament_seed1	67
film.dubbing_performance0_film.dubbing_performance1	68
film.dubbing_performance0_film.dubbing_performance2	69
film.dubbing_performance0_film.dubbing_performance3	70
film.dubbing_performance1_film.dubbing_performance2	71
film.dubbing_performance1_film.dubbing_performance3	72
film.dubbing_performance2_film.dubbing_performance3	73
award.category_ceremony_relationship0_award.category_ceremony_relationship1	74
user.tsegaran.random.taxonomy_entry0_user.tsegaran.random.taxonomy_entry1	75
film.film_cut0_film.film_cut1	76
base.ontologies.ontology_instance_mapping0_base.ontologies.ontology_instance_mapping1	77
theater.theater_designer_gig0_theater.theater_designer_gig1	78
theater.theater_designer_gig0_theater.theater_designer_gig2	79
theater.theater_designer_gig1_theater.theater_designer_gig2	80
military.military_combatant_group0_military.military_combatant_group1	81
royalty.noble_title_tenure0_royalty.noble_title_tenure1	82
american_football.game_rushing_statistics0_american_football.game_rushing_statistics1	83
base.schemastaging.sports_league_season_ranking0_base.schemastaging.sports_league_season_ranking1	84
business.sponsorship0_business.sponsorship1	85
book.contents0_book.contents1	86
tv.tv_producer_episode_credit0_tv.tv_producer_episode_credit1	87
olympics.olympic_athlete_affiliation0_olympics.olympic_athlete_affiliation1	88
olympics.olympic_athlete_affiliation0_olympics.olympic_athlete_affiliation2	89
olympics.olympic_athlete_affiliation1_olympics.olympic_athlete_affiliation2	90
film.film_regional_release_date0_film.film_regional_release_date1	91
baseball.batting_statistics0_baseball.batting_statistics1	92
baseball.batting_statistics0_baseball.batting_statistics2	93
baseball.batting_statistics1_baseball.batting_statistics2	94
soccer.football_player_substitution0_soccer.football_player_substitution1	95
soccer.football_player_substitution0_soccer.football_player_substitution2	96
soccer.football_player_substitution1_soccer.football_player_substitution2	97
people.marriage0_people.marriage1	98
sports.sports_league_participation0_sports.sports_league_participation1	99
sports.sports_league_participation0_sports.sports_league_participation2	100
sports.sports_league_participation0_sports.sports_league_participation3	101
sports.sports_league_participation1_sports.sports_league_participation2	102
sports.sports_league_participation1_sports.sports_league_participation3	103
sports.sports_league_participation2_sports.sports_league_participation3	104
american_football.game_receiving_statistics0_american_football.game_receiving_statistics1	105
location.partial_containment_relationship0_location.partial_containment_relationship1	106
sports.sports_team_coach_tenure0_sports.sports_team_coach_tenure1	107
award.ranking0_award.ranking1	108
royalty.system_title_relationship0_royalty.system_title_relationship1	109
music.concert_performance0_music.concert_performance1	110
music.concert_performance0_music.concert_performance2	111
music.concert_performance1_music.concert_performance2	112
theater.theater_production_staff_gig0_theater.theater_production_staff_gig1	113
theater.theater_production_staff_gig0_theater.theater_production_staff_gig2	114
theater.theater_production_staff_gig1_theater.theater_production_staff_gig2	115
sports.sports_league_draft_pick0_sports.sports_league_draft_pick1	116
sports.sports_league_draft_pick0_sports.sports_league_draft_pick2	117
sports.sports_league_draft_pick0_sports.sports_league_draft_pick3	118
sports.sports_league_draft_pick1_sports.sports_league_draft_pick2	119
sports.sports_league_draft_pick1_sports.sports_league_draft_pick3	120
sports.sports_league_draft_pick2_sports.sports_league_draft_pick3	121
user.ungzd.default_domain.eurovision_vote0_user.ungzd.default_domain.eurovision_vote1	122
film.film_crew_gig0_film.film_crew_gig1	123
film.film_crew_gig0_film.film_crew_gig2	124
film.film_crew_gig1_film.film_crew_gig2	125
music.track_contribution0_music.track_contribution1	126
baseball.lifetime_batting_statistics0_baseball.lifetime_batting_statistics1	127
baseball.lifetime_batting_statistics0_baseball.lifetime_batting_statistics2	128
baseball.lifetime_batting_statistics0_baseball.lifetime_batting_statistics3	129
baseball.lifetime_batting_statistics1_baseball.lifetime_batting_statistics2	130
baseball.lifetime_batting_statistics1_baseball.lifetime_batting_statistics3	131
baseball.lifetime_batting_statistics2_baseball.lifetime_batting_statistics3	132
tennis.tennis_match0_tennis.tennis_match1	133
tennis.tennis_match0_tennis.tennis_match2	134
tennis.tennis_match1_tennis.tennis_match2	135
soccer.football_team_management_tenure0_soccer.football_team_management_tenure1	136
military.military_command0_military.military_command1	137
military.military_command0_military.military_command2	138
military.military_command1_military.military_command2	139
business.asset_ownership0_business.asset_ownership1	140
soccer.football_goal0_soccer.football_goal1	141
soccer.football_goal0_soccer.football_goal2	142
soccer.football_goal1_soccer.football_goal2	143
american_football.player_receiving_statistics0_american_football.player_receiving_statistics1	144
book.periodical_publisher_period0_book.periodical_publisher_period1	145
tv.tv_program_writer_relationship0_tv.tv_program_writer_relationship1	146
base.schemastaging.team_training_ground_relationship0_base.schemastaging.team_training_ground_relationship1	147
base.surfing.asp_world_tour_rating0_base.surfing.asp_world_tour_rating1	148
base.schemastaging.athlete_salary0_base.schemastaging.athlete_salary1	149
base.schemastaging.athlete_salary0_base.schemastaging.athlete_salary2	150
base.schemastaging.athlete_salary1_base.schemastaging.athlete_salary2	151
tv.tv_crew_gig0_tv.tv_crew_gig1	152
tv.tv_crew_gig0_tv.tv_crew_gig2	153
tv.tv_crew_gig1_tv.tv_crew_gig2	154
base.handball.handball_team_match_participation0_base.handball.handball_team_match_participation1	155
soccer.football_team_manager_match_participation0_soccer.football_team_manager_match_participation1	156
soccer.football_team_manager_match_participation0_soccer.football_team_manager_match_participation2	157
soccer.football_team_manager_match_participation1_soccer.football_team_manager_match_participation2	158
base.thoroughbredracing.horse_owner_relationship0_base.thoroughbredracing.horse_owner_relationship1	159
base.trixtypes.stat0_base.trixtypes.stat1	160
opera.opera_character_voice0_opera.opera_character_voice1	161
location.location_symbol_relationship0_location.location_symbol_relationship1	162
olympics.olympic_medal_honor0_olympics.olympic_medal_honor1	163
olympics.olympic_medal_honor0_olympics.olympic_medal_honor2	164
olympics.olympic_medal_honor0_olympics.olympic_medal_honor3	165
olympics.olympic_medal_honor1_olympics.olympic_medal_honor2	166
olympics.olympic_medal_honor1_olympics.olympic_medal_honor3	167
olympics.olympic_medal_honor2_olympics.olympic_medal_honor3	168
base.survivor.survivor_placement0_base.survivor.survivor_placement1	169
projects.project_participation0_projects.project_participation1	170
projects.project_participation0_projects.project_participation2	171
projects.project_participation1_projects.project_participation2	172
organization.leadership0_organization.leadership1	173
aviation.airline_airport_presence0_aviation.airline_airport_presence1	174
aviation.airline_airport_presence0_aviation.airline_airport_presence2	175
aviation.airline_airport_presence1_aviation.airline_airport_presence2	176
base.contractbridge.bridge_tournament_standings0_base.contractbridge.bridge_tournament_standings1	177
base.contractbridge.bridge_tournament_standings0_base.contractbridge.bridge_tournament_standings2	178
base.contractbridge.bridge_tournament_standings1_base.contractbridge.bridge_tournament_standings2	179
biology.organism_classification_placement0_biology.organism_classification_placement1	180
biology.organism_classification_placement0_biology.organism_classification_placement2	181
biology.organism_classification_placement1_biology.organism_classification_placement2	182
celebrities.substance_abuse_problem0_celebrities.substance_abuse_problem1	183
tv.tv_regular_personal_appearance0_tv.tv_regular_personal_appearance1	184
tv.tv_regular_personal_appearance0_tv.tv_regular_personal_appearance2	185
tv.tv_regular_personal_appearance1_tv.tv_regular_personal_appearance2	186
base.webvideo.internet_video_performance0_base.webvideo.internet_video_performance1	187
base.webvideo.internet_video_performance0_base.webvideo.internet_video_performance2	188
base.webvideo.internet_video_performance1_base.webvideo.internet_video_performance2	189
tv.tv_guest_personal_appearance0_tv.tv_guest_personal_appearance1	190
base.schemastaging.tv_star_dubbing_performance0_base.schemastaging.tv_star_dubbing_performance1	191
base.schemastaging.tv_star_dubbing_performance0_base.schemastaging.tv_star_dubbing_performance2	192
base.schemastaging.tv_star_dubbing_performance0_base.schemastaging.tv_star_dubbing_performance3	193
base.schemastaging.tv_star_dubbing_performance1_base.schemastaging.tv_star_dubbing_performance2	194
base.schemastaging.tv_star_dubbing_performance1_base.schemastaging.tv_star_dubbing_performance3	195
base.schemastaging.tv_star_dubbing_performance2_base.schemastaging.tv_star_dubbing_performance3	196
theater.theater_production_venue_relationship0_theater.theater_production_venue_relationship1	197
base.survivor.survivor_tribe_membership0_base.survivor.survivor_tribe_membership1	198
base.survivor.survivor_tribe_membership0_base.survivor.survivor_tribe_membership2	199
base.survivor.survivor_tribe_membership0_base.survivor.survivor_tribe_membership3	200
base.survivor.survivor_tribe_membership1_base.survivor.survivor_tribe_membership2	201
base.survivor.survivor_tribe_membership1_base.survivor.survivor_tribe_membership3	202
base.survivor.survivor_tribe_membership2_base.survivor.survivor_tribe_membership3	203
base.schemastaging.phone_sandbox0_base.schemastaging.phone_sandbox1	204
base.schemastaging.phone_sandbox0_base.schemastaging.phone_sandbox2	205
base.schemastaging.phone_sandbox0_base.schemastaging.phone_sandbox3	206
base.schemastaging.phone_sandbox1_base.schemastaging.phone_sandbox2	207
base.schemastaging.phone_sandbox1_base.schemastaging.phone_sandbox3	208
base.schemastaging.phone_sandbox2_base.schemastaging.phone_sandbox3	209
music.music_video_performance0_music.music_video_performance1	210
tv.tv_producer_term0_tv.tv_producer_term1	211
soccer.football_player_stats0_soccer.football_player_stats1	212
base.x2010fifaworldcupsouthafrica.current_world_cup_squad0_base.x2010fifaworldcupsouthafrica.current_world_cup_squad1	213
base.x2010fifaworldcupsouthafrica.current_world_cup_squad0_base.x2010fifaworldcupsouthafrica.current_world_cup_squad2	214
base.x2010fifaworldcupsouthafrica.current_world_cup_squad0_base.x2010fifaworldcupsouthafrica.current_world_cup_squad3	215
base.x2010fifaworldcupsouthafrica.current_world_cup_squad1_base.x2010fifaworldcupsouthafrica.current_world_cup_squad2	216
base.x2010fifaworldcupsouthafrica.current_world_cup_squad1_base.x2010fifaworldcupsouthafrica.current_world_cup_squad3	217
base.x2010fifaworldcupsouthafrica.current_world_cup_squad2_base.x2010fifaworldcupsouthafrica.current_world_cup_squad3	218
wine.grape_variety_composition0_wine.grape_variety_composition1	219
base.americancomedy.comedy_group_membership0_base.americancomedy.comedy_group_membership1	220
tv.regular_tv_appearance0_tv.regular_tv_appearance1	221
tv.regular_tv_appearance0_tv.regular_tv_appearance2	222
tv.regular_tv_appearance0_tv.regular_tv_appearance3	223
tv.regular_tv_appearance1_tv.regular_tv_appearance2	224
tv.regular_tv_appearance1_tv.regular_tv_appearance3	225
tv.regular_tv_appearance2_tv.regular_tv_appearance3	226
sports.sports_award0_sports.sports_award1	227
sports.sports_award0_sports.sports_award2	228
sports.sports_award0_sports.sports_award3	229
sports.sports_award1_sports.sports_award2	230
sports.sports_award1_sports.sports_award3	231
sports.sports_award2_sports.sports_award3	232
basketball.basketball_team_stats0_basketball.basketball_team_stats1	233
fictional_universe.fictional_employment_tenure0_fictional_universe.fictional_employment_tenure1	234
fictional_universe.fictional_employment_tenure0_fictional_universe.fictional_employment_tenure2	235
fictional_universe.fictional_employment_tenure1_fictional_universe.fictional_employment_tenure2	236
base.popstra.infidelity0_base.popstra.infidelity1	237
base.popstra.infidelity0_base.popstra.infidelity2	238
base.popstra.infidelity1_base.popstra.infidelity2	239
baseball.baseball_historical_managerial_position0_baseball.baseball_historical_managerial_position1	240
american_football.player_passing_statistics0_american_football.player_passing_statistics1	241
soccer.football_disciplinary_action0_soccer.football_disciplinary_action1	242
american_football.football_historical_coach_position0_american_football.football_historical_coach_position1	243
business.open_times0_business.open_times1	244
business.open_times0_business.open_times2	245
business.open_times1_business.open_times2	246
sports.team_venue_relationship0_sports.team_venue_relationship1	247
user.alecf.recreation.park_feature_quantity0_user.alecf.recreation.park_feature_quantity1	248
base.represent.agent_celebrity_representation0_base.represent.agent_celebrity_representation1	249
military.military_posting0_military.military_posting1	250
soccer.football_player_loan0_soccer.football_player_loan1	251
soccer.football_player_loan0_soccer.football_player_loan2	252
soccer.football_player_loan1_soccer.football_player_loan2	253
base.popstra.product_choice0_base.popstra.product_choice1	254
base.tournaments.match_competitor_relationship0_base.tournaments.match_competitor_relationship1	255
architecture.occupancy0_architecture.occupancy1	256
base.greatfilms.ranking0_base.greatfilms.ranking1	257
base.petbreeds.dog_city_relationship0_base.petbreeds.dog_city_relationship1	258
protected_sites.natural_or_cultural_site_listing0_protected_sites.natural_or_cultural_site_listing1	259
protected_sites.natural_or_cultural_site_listing0_protected_sites.natural_or_cultural_site_listing2	260
protected_sites.natural_or_cultural_site_listing1_protected_sites.natural_or_cultural_site_listing2	261
sports.sports_team_roster0_sports.sports_team_roster1	262
people.human_measurement0_people.human_measurement1	263
military.force_strength0_military.force_strength1	264
military.force_strength0_military.force_strength2	265
military.force_strength1_military.force_strength2	266
base.aubreymaturin.affliction0_base.aubreymaturin.affliction1	267
base.aubreymaturin.affliction0_base.aubreymaturin.affliction2	268
base.aubreymaturin.affliction1_base.aubreymaturin.affliction2	269
base.popstra.support0_base.popstra.support1	270
travel.hotel_grade0_travel.hotel_grade1	271
boats.ship_ownership0_boats.ship_ownership1	272
base.popstra.arrest0_base.popstra.arrest1	273
base.popstra.arrest0_base.popstra.arrest2	274
base.popstra.arrest1_base.popstra.arrest2	275
food.recipe_ingredient0_food.recipe_ingredient1	276
food.recipe_ingredient0_food.recipe_ingredient2	277
food.recipe_ingredient1_food.recipe_ingredient2	278
tv.tv_segment_performance0_tv.tv_segment_performance1	279
tv.tv_segment_performance0_tv.tv_segment_performance2	280
tv.tv_segment_performance1_tv.tv_segment_performance2	281
business.company_product_line_relationship0_business.company_product_line_relationship1	282
theater.theater_role0_theater.theater_role1	283
theater.theater_role0_theater.theater_role2	284
theater.theater_role1_theater.theater_role2	285
dining.restaurant_chef_association0_dining.restaurant_chef_association1	286
sports.pro_sports_played0_sports.pro_sports_played1	287
basketball.basketball_historical_coach_position0_basketball.basketball_historical_coach_position1	288
education.academic_post0_education.academic_post1	289
base.militaryinfiction.military_character_service0_base.militaryinfiction.military_character_service1	290
base.militaryinfiction.military_character_service0_base.militaryinfiction.military_character_service2	291
base.militaryinfiction.military_character_service0_base.militaryinfiction.military_character_service3	292
base.militaryinfiction.military_character_service0_base.militaryinfiction.military_character_service4	293
base.militaryinfiction.military_character_service1_base.militaryinfiction.military_character_service2	294
base.militaryinfiction.military_character_service1_base.militaryinfiction.military_character_service3	295
base.militaryinfiction.military_character_service1_base.militaryinfiction.military_character_service4	296
base.militaryinfiction.military_character_service2_base.militaryinfiction.military_character_service3	297
base.militaryinfiction.military_character_service2_base.militaryinfiction.military_character_service4	298
base.militaryinfiction.military_character_service3_base.militaryinfiction.military_character_service4	299
award.award_honor0_award.award_honor1	300
award.award_honor0_award.award_honor2	301
award.award_honor0_award.award_honor3	302
award.award_honor0_award.award_honor4	303
award.award_honor1_award.award_honor2	304
award.award_honor1_award.award_honor3	305
award.award_honor1_award.award_honor4	306
award.award_honor2_award.award_honor3	307
award.award_honor2_award.award_honor4	308
award.award_honor3_award.award_honor4	309
baseball.historical_coaching_tenure0_baseball.historical_coaching_tenure1	310
baseball.historical_coaching_tenure0_baseball.historical_coaching_tenure2	311
baseball.historical_coaching_tenure1_baseball.historical_coaching_tenure2	312
base.musicfestival.artist_festival_relationship0_base.musicfestival.artist_festival_relationship1	313
film.personal_film_appearance0_film.personal_film_appearance1	314
user.ajain.default_domain.app_deadline0_user.ajain.default_domain.app_deadline1	315
user.ajain.default_domain.app_deadline0_user.ajain.default_domain.app_deadline2	316
user.ajain.default_domain.app_deadline1_user.ajain.default_domain.app_deadline2	317
base.popstra.hangout0_base.popstra.hangout1	318
chemistry.solubility_relationship0_chemistry.solubility_relationship1	319
base.catalog.music_catalog_entry0_base.catalog.music_catalog_entry1	320
base.militaryinfiction.military_combatant_group_tenure_in_fiction0_base.militaryinfiction.military_combatant_group_tenure_in_fiction1	321
base.militaryinfiction.military_combatant_group_tenure_in_fiction0_base.militaryinfiction.military_combatant_group_tenure_in_fiction2	322
base.militaryinfiction.military_combatant_group_tenure_in_fiction1_base.militaryinfiction.military_combatant_group_tenure_in_fiction2	323
comic_strips.comic_strip_creator_duration0_comic_strips.comic_strip_creator_duration1	324
media_common.dedication0_media_common.dedication1	325
media_common.dedication0_media_common.dedication2	326
media_common.dedication1_media_common.dedication2	327
base.bioventurist.bv_investment_round0_base.bioventurist.bv_investment_round1	328
base.bioventurist.bv_investment_round0_base.bioventurist.bv_investment_round2	329
base.bioventurist.bv_investment_round0_base.bioventurist.bv_investment_round3	330
base.bioventurist.bv_investment_round1_base.bioventurist.bv_investment_round2	331
base.bioventurist.bv_investment_round1_base.bioventurist.bv_investment_round3	332
base.bioventurist.bv_investment_round2_base.bioventurist.bv_investment_round3	333
base.marchmadness.ncaa_basketball_final_four_broadcaster0_base.marchmadness.ncaa_basketball_final_four_broadcaster1	334
film.film_film_distributor_relationship0_film.film_film_distributor_relationship1	335
film.film_film_distributor_relationship0_film.film_film_distributor_relationship2	336
film.film_film_distributor_relationship1_film.film_film_distributor_relationship2	337
base.localfood.produce_availability0_base.localfood.produce_availability1	338
base.famouspets.pet_ownership0_base.famouspets.pet_ownership1	339
base.prison.imprisonment0_base.prison.imprisonment1	340
base.wrestling.championship_title_reign0_base.wrestling.championship_title_reign1	341
base.webvideo.internet_video_crew_gig0_base.webvideo.internet_video_crew_gig1	342
base.webvideo.internet_video_crew_gig0_base.webvideo.internet_video_crew_gig2	343
base.webvideo.internet_video_crew_gig1_base.webvideo.internet_video_crew_gig2	344
base.popstra.religion_choice0_base.popstra.religion_choice1	345
biology.hybrid_parentage0_biology.hybrid_parentage1	346
food.beer_containment0_food.beer_containment1	347
opera.opera_production_venue_relationship0_opera.opera_production_venue_relationship1	348
book.publisher_imprint_tenure0_book.publisher_imprint_tenure1	349
visual_art.artwork_owner_relationship0_visual_art.artwork_owner_relationship1	350
business.company_product_relationship0_business.company_product_relationship1	351
base.handball.handball_player_match_participation0_base.handball.handball_player_match_participation1	352
base.handball.handball_player_match_participation0_base.handball.handball_player_match_participation2	353
base.handball.handball_player_match_participation1_base.handball.handball_player_match_participation2	354
base.popstra.substance_abuse0_base.popstra.substance_abuse1	355
business.company_brand_relationship0_business.company_brand_relationship1	356
royalty.system_rank_relationship0_royalty.system_rank_relationship1	357
base.skateboarding.brand_distribution_relationship0_base.skateboarding.brand_distribution_relationship1	358
base.militaryinfiction.force_strength_in_fiction0_base.militaryinfiction.force_strength_in_fiction1	359
base.militaryinfiction.force_strength_in_fiction0_base.militaryinfiction.force_strength_in_fiction2	360
base.militaryinfiction.force_strength_in_fiction0_base.militaryinfiction.force_strength_in_fiction3	361
base.militaryinfiction.force_strength_in_fiction0_base.militaryinfiction.force_strength_in_fiction4	362
base.militaryinfiction.force_strength_in_fiction1_base.militaryinfiction.force_strength_in_fiction2	363
base.militaryinfiction.force_strength_in_fiction1_base.militaryinfiction.force_strength_in_fiction3	364
base.militaryinfiction.force_strength_in_fiction1_base.militaryinfiction.force_strength_in_fiction4	365
base.militaryinfiction.force_strength_in_fiction2_base.militaryinfiction.force_strength_in_fiction3	366
base.militaryinfiction.force_strength_in_fiction2_base.militaryinfiction.force_strength_in_fiction4	367
base.militaryinfiction.force_strength_in_fiction3_base.militaryinfiction.force_strength_in_fiction4	368
law.legal_case_party_relationship0_law.legal_case_party_relationship1	369
law.legal_case_party_relationship0_law.legal_case_party_relationship2	370
law.legal_case_party_relationship1_law.legal_case_party_relationship2	371
people.appointment0_people.appointment1	372
people.appointment0_people.appointment2	373
people.appointment1_people.appointment2	374
base.popstra.legal_dispute0_base.popstra.legal_dispute1	375
base.formula1.formula_1_championship_standing0_base.formula1.formula_1_championship_standing1	376
base.theosbornboysaregrowing.trip0_base.theosbornboysaregrowing.trip1	377
base.theosbornboysaregrowing.trip0_base.theosbornboysaregrowing.trip2	378
base.theosbornboysaregrowing.trip0_base.theosbornboysaregrowing.trip3	379
base.theosbornboysaregrowing.trip0_base.theosbornboysaregrowing.trip4	380
base.theosbornboysaregrowing.trip1_base.theosbornboysaregrowing.trip2	381
base.theosbornboysaregrowing.trip1_base.theosbornboysaregrowing.trip3	382
base.theosbornboysaregrowing.trip1_base.theosbornboysaregrowing.trip4	383
base.theosbornboysaregrowing.trip2_base.theosbornboysaregrowing.trip3	384
base.theosbornboysaregrowing.trip2_base.theosbornboysaregrowing.trip4	385
base.theosbornboysaregrowing.trip3_base.theosbornboysaregrowing.trip4	386
base.datedlocationtest.dated_location_split0_base.datedlocationtest.dated_location_split1	387
base.popstra.public_insult0_base.popstra.public_insult1	388
base.ecology.symbiotic_relationship0_base.ecology.symbiotic_relationship1	389
business.brand_colors0_business.brand_colors1	390
law.judicial_tenure0_law.judicial_tenure1	391
law.judicial_tenure0_law.judicial_tenure2	392
law.judicial_tenure1_law.judicial_tenure2	393
base.vwmtbase.vw_adapter_2_tranformation_agent0_base.vwmtbase.vw_adapter_2_tranformation_agent1	394
base.vwmtbase.vw_adapter_2_tranformation_agent0_base.vwmtbase.vw_adapter_2_tranformation_agent2	395
base.vwmtbase.vw_adapter_2_tranformation_agent1_base.vwmtbase.vw_adapter_2_tranformation_agent2	396
base.adoption.adoption0_base.adoption.adoption1	397
tv.tv_guest_role0_tv.tv_guest_role1	398
tv.tv_guest_role0_tv.tv_guest_role2	399
tv.tv_guest_role1_tv.tv_guest_role2	400
measurement_unit.dated_money_value0_measurement_unit.dated_money_value1	401
base.popstra.operation0_base.popstra.operation1	402
education.honorary_degree0_education.honorary_degree1	403
education.honorary_degree0_education.honorary_degree2	404
education.honorary_degree1_education.honorary_degree2	405
user.arielb.stalag.prisoners0_user.arielb.stalag.prisoners1	406
travel.transportation0_travel.transportation1	407
travel.transportation0_travel.transportation2	408
travel.transportation0_travel.transportation3	409
travel.transportation1_travel.transportation2	410
travel.transportation1_travel.transportation3	411
travel.transportation2_travel.transportation3	412
user.robert.mobile_phones.regional_submodel0_user.robert.mobile_phones.regional_submodel1	413
user.robert.mobile_phones.regional_submodel0_user.robert.mobile_phones.regional_submodel2	414
user.robert.mobile_phones.regional_submodel1_user.robert.mobile_phones.regional_submodel2	415
base.schemastaging.coach_athlete_relationship0_base.schemastaging.coach_athlete_relationship1	416
military.military_service0_military.military_service1	417
military.military_service0_military.military_service2	418
military.military_service0_military.military_service3	419
military.military_service1_military.military_service2	420
military.military_service1_military.military_service3	421
military.military_service2_military.military_service3	422
base.brothels.prostitute_employment_tenure0_base.brothels.prostitute_employment_tenure1	423
soccer.football_league_participation0_soccer.football_league_participation1	424
soccer.football_league_participation0_soccer.football_league_participation2	425
soccer.football_league_participation0_soccer.football_league_participation3	426
soccer.football_league_participation1_soccer.football_league_participation2	427
soccer.football_league_participation1_soccer.football_league_participation3	428
soccer.football_league_participation2_soccer.football_league_participation3	429
computer.os_compatibility0_computer.os_compatibility1	430
biology.breed_registration0_biology.breed_registration1	431
biology.breed_registration0_biology.breed_registration2	432
biology.breed_registration1_biology.breed_registration2	433
travel.hotel_guest_visit0_travel.hotel_guest_visit1	434
base.handball.handball_disciplinary_action0_base.handball.handball_disciplinary_action1	435
fashion.clothing_size0_fashion.clothing_size1	436
fashion.clothing_size0_fashion.clothing_size2	437
fashion.clothing_size1_fashion.clothing_size2	438
government.legislative_election_results0_government.legislative_election_results1	439
base.webvideo.internet_video_series_crew_gig0_base.webvideo.internet_video_series_crew_gig1	440
base.webvideo.internet_video_series_crew_gig0_base.webvideo.internet_video_series_crew_gig2	441
base.webvideo.internet_video_series_crew_gig1_base.webvideo.internet_video_series_crew_gig2	442
base.athletics.athletics_championships_competition_athlete_relationship0_base.athletics.athletics_championships_competition_athlete_relationship1	443
base.athletics.athletics_championships_competition_athlete_relationship0_base.athletics.athletics_championships_competition_athlete_relationship2	444
base.athletics.athletics_championships_competition_athlete_relationship0_base.athletics.athletics_championships_competition_athlete_relationship3	445
base.athletics.athletics_championships_competition_athlete_relationship1_base.athletics.athletics_championships_competition_athlete_relationship2	446
base.athletics.athletics_championships_competition_athlete_relationship1_base.athletics.athletics_championships_competition_athlete_relationship3	447
base.athletics.athletics_championships_competition_athlete_relationship2_base.athletics.athletics_championships_competition_athlete_relationship3	448
base.x2010fifaworldcupsouthafrica.world_cup_qualifying_team0_base.x2010fifaworldcupsouthafrica.world_cup_qualifying_team1	449
base.x2010fifaworldcupsouthafrica.world_cup_qualifying_team0_base.x2010fifaworldcupsouthafrica.world_cup_qualifying_team2	450
base.x2010fifaworldcupsouthafrica.world_cup_qualifying_team1_base.x2010fifaworldcupsouthafrica.world_cup_qualifying_team2	451
base.horseracing.race_results0_base.horseracing.race_results1	452
base.horseracing.race_results0_base.horseracing.race_results2	453
base.horseracing.race_results1_base.horseracing.race_results2	454
base.militaryinfiction.military_casulaties_in_fiction0_base.militaryinfiction.military_casulaties_in_fiction1	455
base.militaryinfiction.military_casulaties_in_fiction0_base.militaryinfiction.military_casulaties_in_fiction2	456
base.militaryinfiction.military_casulaties_in_fiction0_base.militaryinfiction.military_casulaties_in_fiction3	457
base.militaryinfiction.military_casulaties_in_fiction1_base.militaryinfiction.military_casulaties_in_fiction2	458
base.militaryinfiction.military_casulaties_in_fiction1_base.militaryinfiction.military_casulaties_in_fiction3	459
base.militaryinfiction.military_casulaties_in_fiction2_base.militaryinfiction.military_casulaties_in_fiction3	460
base.saturdaynightlive.snl_season_tenure0_base.saturdaynightlive.snl_season_tenure1	461
baseball.current_coaching_tenure0_baseball.current_coaching_tenure1	462
baseball.current_coaching_tenure0_baseball.current_coaching_tenure2	463
baseball.current_coaching_tenure1_baseball.current_coaching_tenure2	464
rail.railway_operator_relationship0_rail.railway_operator_relationship1	465
base.conservation.protected_species_status0_base.conservation.protected_species_status1	466
base.conservation.protected_species_status0_base.conservation.protected_species_status2	467
base.conservation.protected_species_status1_base.conservation.protected_species_status2	468
base.politicalconventions.convention_leadership0_base.politicalconventions.convention_leadership1	469
base.politicalconventions.convention_leadership0_base.politicalconventions.convention_leadership2	470
base.politicalconventions.convention_leadership1_base.politicalconventions.convention_leadership2	471
base.ontologies.ontology_class_mapping0_base.ontologies.ontology_class_mapping1	472
opera.opera_designer_gig0_opera.opera_designer_gig1	473
opera.opera_designer_gig0_opera.opera_designer_gig2	474
opera.opera_designer_gig1_opera.opera_designer_gig2	475
user.uoa_it.uoa_it.uoa_collaboration0_user.uoa_it.uoa_it.uoa_collaboration1	476
base.iceandfire.house_lordship0_base.iceandfire.house_lordship1	477
royalty.system_order_relationship0_royalty.system_order_relationship1	478
user.ajain.default_domain.admission_requirements0_user.ajain.default_domain.admission_requirements1	479
user.ajain.default_domain.admission_requirements0_user.ajain.default_domain.admission_requirements2	480
user.ajain.default_domain.admission_requirements0_user.ajain.default_domain.admission_requirements3	481
user.ajain.default_domain.admission_requirements0_user.ajain.default_domain.admission_requirements4	482
user.ajain.default_domain.admission_requirements0_user.ajain.default_domain.admission_requirements5	483
user.ajain.default_domain.admission_requirements1_user.ajain.default_domain.admission_requirements2	484
user.ajain.default_domain.admission_requirements1_user.ajain.default_domain.admission_requirements3	485
user.ajain.default_domain.admission_requirements1_user.ajain.default_domain.admission_requirements4	486
user.ajain.default_domain.admission_requirements1_user.ajain.default_domain.admission_requirements5	487
user.ajain.default_domain.admission_requirements2_user.ajain.default_domain.admission_requirements3	488
user.ajain.default_domain.admission_requirements2_user.ajain.default_domain.admission_requirements4	489
user.ajain.default_domain.admission_requirements2_user.ajain.default_domain.admission_requirements5	490
user.ajain.default_domain.admission_requirements3_user.ajain.default_domain.admission_requirements4	491
user.ajain.default_domain.admission_requirements3_user.ajain.default_domain.admission_requirements5	492
user.ajain.default_domain.admission_requirements4_user.ajain.default_domain.admission_requirements5	493
business.competitive_space_mediator0_business.competitive_space_mediator1	494
business.competitive_space_mediator0_business.competitive_space_mediator2	495
business.competitive_space_mediator1_business.competitive_space_mediator2	496
visual_art.artwork_location_relationship0_visual_art.artwork_location_relationship1	497
user.alexbl.honorary_title.honorary_title_holding0_user.alexbl.honorary_title.honorary_title_holding1	498
user.alexbl.honorary_title.honorary_title_holding0_user.alexbl.honorary_title.honorary_title_holding2	499
user.alexbl.honorary_title.honorary_title_holding1_user.alexbl.honorary_title.honorary_title_holding2	500
base.arthist.provenienciaadat0_base.arthist.provenienciaadat1	501
base.arthist.provenienciaadat0_base.arthist.provenienciaadat2	502
base.arthist.provenienciaadat1_base.arthist.provenienciaadat2	503
base.webvideo.internet_video_regular_performance0_base.webvideo.internet_video_regular_performance1	504
base.webvideo.internet_video_regular_performance0_base.webvideo.internet_video_regular_performance2	505
base.webvideo.internet_video_regular_performance1_base.webvideo.internet_video_regular_performance2	506
business.product_endorsement0_business.product_endorsement1	507
business.product_endorsement0_business.product_endorsement2	508
business.product_endorsement1_business.product_endorsement2	509
freebase.metaweb_api_service_argument0_freebase.metaweb_api_service_argument1	510
user.micahsaul.advertising.ad_campaign_contribution0_user.micahsaul.advertising.ad_campaign_contribution1	511
award.long_list_nomination0_award.long_list_nomination1	512
award.long_list_nomination0_award.long_list_nomination2	513
award.long_list_nomination1_award.long_list_nomination2	514
base.endorsements.newspaper_endorsement0_base.endorsements.newspaper_endorsement1	515
base.endorsements.newspaper_endorsement0_base.endorsements.newspaper_endorsement2	516
base.endorsements.newspaper_endorsement1_base.endorsements.newspaper_endorsement2	517
base.yalebase.secret_society_membership0_base.yalebase.secret_society_membership1	518
base.peleton.historical_cycling_roster_position0_base.peleton.historical_cycling_roster_position1	519
base.politicalconventions.pres_delegate_vote_tally0_base.politicalconventions.pres_delegate_vote_tally1	520
base.column.column_syndicate_duration0_base.column.column_syndicate_duration1	521
biology.animal_ownership0_biology.animal_ownership1	522
royalty.precedence0_royalty.precedence1	523
royalty.precedence0_royalty.precedence2	524
royalty.precedence1_royalty.precedence2	525
olympics.olympic_city_bid0_olympics.olympic_city_bid1	526
base.jamesbond007.villain_fate0_base.jamesbond007.villain_fate1	527
base.rugby.rugby_club_tenure0_base.rugby.rugby_club_tenure1	528
base.vwmtbase.vw_transformation_agent_2_data_representation0_base.vwmtbase.vw_transformation_agent_2_data_representation1	529
base.vwmtbase.vw_transformation_agent_2_data_representation0_base.vwmtbase.vw_transformation_agent_2_data_representation2	530
base.vwmtbase.vw_transformation_agent_2_data_representation1_base.vwmtbase.vw_transformation_agent_2_data_representation2	531
base.entertainmentutilities.nomination_metadata0_base.entertainmentutilities.nomination_metadata1	532
education.education0_education.education1	533
education.education0_education.education2	534
education.education0_education.education3	535
education.education0_education.education4	536
education.education0_education.education5	537
education.education1_education.education2	538
education.education1_education.education3	539
education.education1_education.education4	540
education.education1_education.education5	541
education.education2_education.education3	542
education.education2_education.education4	543
education.education2_education.education5	544
education.education3_education.education4	545
education.education3_education.education5	546
education.education4_education.education5	547
base.sharing.sharing_relationship0_base.sharing.sharing_relationship1	548
base.sharing.sharing_relationship0_base.sharing.sharing_relationship2	549
base.sharing.sharing_relationship1_base.sharing.sharing_relationship2	550
base.siswimsuitmodels.si_swimsuit_appearance0_base.siswimsuitmodels.si_swimsuit_appearance1	551
base.siswimsuitmodels.si_swimsuit_appearance0_base.siswimsuitmodels.si_swimsuit_appearance2	552
base.siswimsuitmodels.si_swimsuit_appearance1_base.siswimsuitmodels.si_swimsuit_appearance2	553
base.partnersinflight.population_estimate0_base.partnersinflight.population_estimate1	554
base.partnersinflight.population_estimate0_base.partnersinflight.population_estimate2	555
base.partnersinflight.population_estimate1_base.partnersinflight.population_estimate2	556
base.fictionaluniverse.fictional_spaceship_crewman_posting0_base.fictionaluniverse.fictional_spaceship_crewman_posting1	557
base.fictionaluniverse.fictional_spaceship_crewman_posting0_base.fictionaluniverse.fictional_spaceship_crewman_posting2	558
base.fictionaluniverse.fictional_spaceship_crewman_posting1_base.fictionaluniverse.fictional_spaceship_crewman_posting2	559
base.datedlocationtest.dated_location_break_up0_base.datedlocationtest.dated_location_break_up1	560
government.government_position_held0_government.government_position_held1	561
government.government_position_held0_government.government_position_held2	562
government.government_position_held0_government.government_position_held3	563
government.government_position_held0_government.government_position_held4	564
government.government_position_held1_government.government_position_held2	565
government.government_position_held1_government.government_position_held3	566
government.government_position_held1_government.government_position_held4	567
government.government_position_held2_government.government_position_held3	568
government.government_position_held2_government.government_position_held4	569
government.government_position_held3_government.government_position_held4	570
royalty.chivalric_order_relationship0_royalty.chivalric_order_relationship1	571
royalty.chivalric_order_relationship0_royalty.chivalric_order_relationship2	572
royalty.chivalric_order_relationship1_royalty.chivalric_order_relationship2	573
base.umltools.code_generation0_base.umltools.code_generation1	574
base.umltools.code_generation0_base.umltools.code_generation2	575
base.umltools.code_generation1_base.umltools.code_generation2	576
user.skud.embassies_and_consulates.ambassadorial_tenure0_user.skud.embassies_and_consulates.ambassadorial_tenure1	577
user.skud.embassies_and_consulates.ambassadorial_tenure0_user.skud.embassies_and_consulates.ambassadorial_tenure2	578
user.skud.embassies_and_consulates.ambassadorial_tenure1_user.skud.embassies_and_consulates.ambassadorial_tenure2	579
transportation.road_starting_point0_transportation.road_starting_point1	580
broadcast.radio_affiliation_duration0_broadcast.radio_affiliation_duration1	581
base.peleton.cycling_team_membership0_base.peleton.cycling_team_membership1	582
base.webvideo.internet_video_series_producer_credit0_base.webvideo.internet_video_series_producer_credit1	583
film.film_film_company_relationship0_film.film_film_company_relationship1	584
film.film_film_company_relationship0_film.film_film_company_relationship2	585
film.film_film_company_relationship1_film.film_film_company_relationship2	586
book.editorial_tenure0_book.editorial_tenure1	587
book.editorial_tenure0_book.editorial_tenure2	588
book.editorial_tenure1_book.editorial_tenure2	589
comic_strips.comic_strip_syndicate_duration0_comic_strips.comic_strip_syndicate_duration1	590
user.robert.area_codes.coverage0_user.robert.area_codes.coverage1	591
base.fictionaluniverse.fictional_inhabitation0_base.fictionaluniverse.fictional_inhabitation1	592
base.fictionaluniverse.fictional_inhabitation0_base.fictionaluniverse.fictional_inhabitation2	593
base.fictionaluniverse.fictional_inhabitation1_base.fictionaluniverse.fictional_inhabitation2	594
user.robert.earthquakes.earthquake_nearest_location0_user.robert.earthquakes.earthquake_nearest_location1	595
user.alexbl.congressional_voting_records.congressional_vote0_user.alexbl.congressional_voting_records.congressional_vote1	596
base.cycleroute.cycle_route_connection0_base.cycleroute.cycle_route_connection1	597
award.award_judging_term0_award.award_judging_term1	598
user.alecf.car_sharing.vehicle_location_value0_user.alecf.car_sharing.vehicle_location_value1	599
user.alecf.car_sharing.vehicle_location_value0_user.alecf.car_sharing.vehicle_location_value2	600
user.alecf.car_sharing.vehicle_location_value1_user.alecf.car_sharing.vehicle_location_value2	601
film.performance0_film.performance1	602
film.performance0_film.performance2	603
film.performance1_film.performance2	604
base.government2.elected_government_positions_held0_base.government2.elected_government_positions_held1	605
base.government2.elected_government_positions_held0_base.government2.elected_government_positions_held2	606
base.government2.elected_government_positions_held1_base.government2.elected_government_positions_held2	607
business.market_share0_business.market_share1	608
business.market_share0_business.market_share2	609
business.market_share1_business.market_share2	610
base.vwmtbase.vw_data_source_2_adapter0_base.vwmtbase.vw_data_source_2_adapter1	611
base.vwmtbase.vw_data_source_2_adapter0_base.vwmtbase.vw_data_source_2_adapter2	612
base.vwmtbase.vw_data_source_2_adapter1_base.vwmtbase.vw_data_source_2_adapter2	613
spaceflight.rocket_stage0_spaceflight.rocket_stage1	614
spaceflight.rocket_stage0_spaceflight.rocket_stage2	615
spaceflight.rocket_stage1_spaceflight.rocket_stage2	616
base.handball.handball_roster_position0_base.handball.handball_roster_position1	617
base.handball.handball_roster_position0_base.handball.handball_roster_position2	618
base.handball.handball_roster_position1_base.handball.handball_roster_position2	619
base.column.column_periodical_duration0_base.column.column_periodical_duration1	620
base.umltools.round_trip_engineering0_base.umltools.round_trip_engineering1	621
base.umltools.round_trip_engineering0_base.umltools.round_trip_engineering2	622
base.umltools.round_trip_engineering1_base.umltools.round_trip_engineering2	623
base.politicalconventions.vp_delegate_vote_tally0_base.politicalconventions.vp_delegate_vote_tally1	624
finance.exchange_rate0_finance.exchange_rate1	625
user.robert.default_domain.film_review0_user.robert.default_domain.film_review1	626
user.sandos.social.has_visited0_user.sandos.social.has_visited1	627
government.national_anthem_of_a_country0_government.national_anthem_of_a_country1	628
base.x2010fifaworldcupsouthafrica.group_qualifying_teams0_base.x2010fifaworldcupsouthafrica.group_qualifying_teams1	629
location.mailing_address0_location.mailing_address1	630
location.mailing_address0_location.mailing_address2	631
location.mailing_address0_location.mailing_address3	632
location.mailing_address1_location.mailing_address2	633
location.mailing_address1_location.mailing_address3	634
location.mailing_address2_location.mailing_address3	635
military.military_post_use0_military.military_post_use1	636
base.bioventurist.sales0_base.bioventurist.sales1	637
people.group_membership0_people.group_membership1	638
base.dancegroups.dance_group_membership0_base.dancegroups.dance_group_membership1	639
base.esports.e_sports_roster_position0_base.esports.e_sports_roster_position1	640
religion.place_of_worship_historical_use0_religion.place_of_worship_historical_use1	641
user.pak21.default_domain.sports_squad0_user.pak21.default_domain.sports_squad1	642
base.x2010fifaworldcupsouthafrica.host_cities0_base.x2010fifaworldcupsouthafrica.host_cities1	643
base.x2010fifaworldcupsouthafrica.host_cities0_base.x2010fifaworldcupsouthafrica.host_cities2	644
base.x2010fifaworldcupsouthafrica.host_cities1_base.x2010fifaworldcupsouthafrica.host_cities2	645
base.datedlocationtest.dated_location_merger0_base.datedlocationtest.dated_location_merger1	646
base.animalnames.animal_specific_name_relationship0_base.animalnames.animal_specific_name_relationship1	647
base.animalnames.animal_specific_name_relationship0_base.animalnames.animal_specific_name_relationship2	648
base.animalnames.animal_specific_name_relationship1_base.animalnames.animal_specific_name_relationship2	649
interests.collection0_interests.collection1	650
interests.collection0_interests.collection2	651
interests.collection1_interests.collection2	652
base.x2010fifaworldcupsouthafrica.world_cup_team0_base.x2010fifaworldcupsouthafrica.world_cup_team1	653
base.x2010fifaworldcupsouthafrica.world_cup_team0_base.x2010fifaworldcupsouthafrica.world_cup_team2	654
base.x2010fifaworldcupsouthafrica.world_cup_team1_base.x2010fifaworldcupsouthafrica.world_cup_team2	655
base.visleg.collaborative_participation0_base.visleg.collaborative_participation1	656
base.visleg.collaborative_participation0_base.visleg.collaborative_participation2	657
base.visleg.collaborative_participation1_base.visleg.collaborative_participation2	658
base.tournaments.group_competitor_relationship0_base.tournaments.group_competitor_relationship1	659
base.tournaments.group_competitor_relationship0_base.tournaments.group_competitor_relationship2	660
base.tournaments.group_competitor_relationship1_base.tournaments.group_competitor_relationship2	661
base.government2.legislative_position_held0_base.government2.legislative_position_held1	662
base.endorsements.personal_endorsement0_base.endorsements.personal_endorsement1	663
base.endorsements.personal_endorsement0_base.endorsements.personal_endorsement2	664
base.endorsements.personal_endorsement1_base.endorsements.personal_endorsement2	665
base.vwmtbase.vw_data_representation_2_transformation_agent0_base.vwmtbase.vw_data_representation_2_transformation_agent1	666
base.vwmtbase.vw_data_representation_2_transformation_agent0_base.vwmtbase.vw_data_representation_2_transformation_agent2	667
base.vwmtbase.vw_data_representation_2_transformation_agent1_base.vwmtbase.vw_data_representation_2_transformation_agent2	668
base.vwmtbase.vw_adapter_2_data_representation0_base.vwmtbase.vw_adapter_2_data_representation1	669
base.vwmtbase.vw_adapter_2_data_representation0_base.vwmtbase.vw_adapter_2_data_representation2	670
base.vwmtbase.vw_adapter_2_data_representation1_base.vwmtbase.vw_adapter_2_data_representation2	671
base.vgames.video_game_release0_base.vgames.video_game_release1	672
base.vgames.video_game_release0_base.vgames.video_game_release2	673
base.vgames.video_game_release1_base.vgames.video_game_release2	674
religion.religious_leadership_jurisdiction_appointment0_religion.religious_leadership_jurisdiction_appointment1	675
base.schemastaging.heya_wrestler_relationship0_base.schemastaging.heya_wrestler_relationship1	676
base.lostbase.episode_character_relationship0_base.lostbase.episode_character_relationship1	677
base.jamesbond007.villain_objective0_base.jamesbond007.villain_objective1	678
fashion.designer_label_association0_fashion.designer_label_association1	679
base.saturdaynightlive.snl_movie_spin_off_cast_performance0_base.saturdaynightlive.snl_movie_spin_off_cast_performance1	680
base.saturdaynightlive.snl_movie_spin_off_cast_performance0_base.saturdaynightlive.snl_movie_spin_off_cast_performance2	681
base.saturdaynightlive.snl_movie_spin_off_cast_performance1_base.saturdaynightlive.snl_movie_spin_off_cast_performance2	682
royalty.chivalric_order_membership0_royalty.chivalric_order_membership1	683
royalty.chivalric_order_membership0_royalty.chivalric_order_membership2	684
royalty.chivalric_order_membership0_royalty.chivalric_order_membership3	685
royalty.chivalric_order_membership1_royalty.chivalric_order_membership2	686
royalty.chivalric_order_membership1_royalty.chivalric_order_membership3	687
royalty.chivalric_order_membership2_royalty.chivalric_order_membership3	688
cricket.cricket_roster_bowling0_cricket.cricket_roster_bowling1	689
base.schemastaging.religion_statistics0_base.schemastaging.religion_statistics1	690
base.iceandfire.possession0_base.iceandfire.possession1	691
base.crime.crime_accusation0_base.crime.crime_accusation1	692
base.crime.crime_accusation0_base.crime.crime_accusation2	693
base.crime.crime_accusation1_base.crime.crime_accusation2	694
tv.tv_segment_personal_appearance0_tv.tv_segment_personal_appearance1	695
base.rugby.rugby_coaching_tenure0_base.rugby.rugby_coaching_tenure1	696
base.foodily.recipe_ingredient0_base.foodily.recipe_ingredient1	697
base.firsts.first_achievement0_base.firsts.first_achievement1	698
base.firsts.first_achievement0_base.firsts.first_achievement2	699
base.firsts.first_achievement1_base.firsts.first_achievement2	700
user.cip22.default_domain.musical_contribution0_user.cip22.default_domain.musical_contribution1	701
user.cip22.default_domain.musical_contribution0_user.cip22.default_domain.musical_contribution2	702
user.cip22.default_domain.musical_contribution1_user.cip22.default_domain.musical_contribution2	703
book.journal_publication0_book.journal_publication1	704
sports.competitor_country_relationship0_sports.competitor_country_relationship1	705
sports.competitor_country_relationship0_sports.competitor_country_relationship2	706
sports.competitor_country_relationship0_sports.competitor_country_relationship3	707
sports.competitor_country_relationship1_sports.competitor_country_relationship2	708
sports.competitor_country_relationship1_sports.competitor_country_relationship3	709
sports.competitor_country_relationship2_sports.competitor_country_relationship3	710
aviation.aviation_incident_aircraft_relationship0_aviation.aviation_incident_aircraft_relationship1	711
aviation.aviation_incident_aircraft_relationship0_aviation.aviation_incident_aircraft_relationship2	712
aviation.aviation_incident_aircraft_relationship0_aviation.aviation_incident_aircraft_relationship3	713
aviation.aviation_incident_aircraft_relationship1_aviation.aviation_incident_aircraft_relationship2	714
aviation.aviation_incident_aircraft_relationship1_aviation.aviation_incident_aircraft_relationship3	715
aviation.aviation_incident_aircraft_relationship2_aviation.aviation_incident_aircraft_relationship3	716
olympics.olympic_torch_relay0_olympics.olympic_torch_relay1	717
olympics.olympic_torch_relay0_olympics.olympic_torch_relay2	718
olympics.olympic_torch_relay1_olympics.olympic_torch_relay2	719
cricket.cricket_roster_batting0_cricket.cricket_roster_batting1	720
cricket.cricket_roster_batting0_cricket.cricket_roster_batting2	721
cricket.cricket_roster_batting0_cricket.cricket_roster_batting3	722
cricket.cricket_roster_batting0_cricket.cricket_roster_batting4	723
cricket.cricket_roster_batting1_cricket.cricket_roster_batting2	724
cricket.cricket_roster_batting1_cricket.cricket_roster_batting3	725
cricket.cricket_roster_batting1_cricket.cricket_roster_batting4	726
cricket.cricket_roster_batting2_cricket.cricket_roster_batting3	727
cricket.cricket_roster_batting2_cricket.cricket_roster_batting4	728
cricket.cricket_roster_batting3_cricket.cricket_roster_batting4	729
base.iceandfire.house_weapon_stint0_base.iceandfire.house_weapon_stint1	730
business.market_size0_business.market_size1	731
user.robert.performance.performance0_user.robert.performance.performance1	732
user.robert.performance.performance0_user.robert.performance.performance2	733
user.robert.performance.performance1_user.robert.performance.performance2	734
user.micahsaul.advertising.ad_contribution0_user.micahsaul.advertising.ad_contribution1	735
